INSERT INTO Branch (branch_name) VALUES
  ("city stars"),
  ("abdo basha"),
  ("el maady"),
  ("helwan"),
  ("shobra");

INSERT INTO Menu_item (menu_item_id, name, price) VALUES
    ('1', 'Cheese Cake', '28.5'),
    ('2', 'Green Salad', '42.75'),
    ('3', 'Chicken Salad', '86.25'),
    ('4', 'Italian Chicken', '48'),
    ('5', 'Chocolate Tarte', '97.25'),
    ('6', 'Tea', '27.75'),
    ('7', 'Onion Rings', '28.25'),
    ('8', 'Fruits', '33.75'),
    ('9', 'Sweet beans', '53.5'),
    ('10', 'Chocolate rolls', '13.25'),
    ('11', 'Mozzarela sticks', '99.5'),
    ('12', 'Coffee', '18.5'),
    ('13', 'Nescafe', '83.5'),
    ('14', 'Green burger', '8.5'),
    ('15', 'Vanilla Milkshake', '32.75'),
    ('16', 'Cheesy bites', '54.5'),
    ('17', 'Roasted beef', '13'),
    ('18', 'Fries', '45.75'),
    ('19', 'Chips', '28'),
    ('20', 'Cheese', '74.75'),
    ('21', 'Rice', '84.5'),
    ('22', 'Cheese fries', '66.25'),
    ('23', 'Sausages', '21.75'),
    ('24', 'Sausages', '72.75'),
    ('25', 'Bacon', '66'),
    ('26', 'Shoes', '29.75'),
    ('27', 'Chips', '64.25'),
    ('28', 'Peppers', '62.25'),
    ('29', 'Salad', '60.75'),
    ('30', 'Juice', '22.25');

INSERT INTO Available_in (branch_name, menu_item_id) VALUES
("city stars", 3 ),
("abdo basha", 22),
("el maady", 11),
("helwan", 17),
("shobra", 29),
("city stars", 15),
("abdo basha", 7 ),
("el maady", 27),
("helwan", 5 ),
("shobra", 23),
("city stars", 8 ),
("abdo basha", 26),
("el maady", 13),
("helwan", 30),
("shobra", 21),
("city stars", 4 ),
("abdo basha", 20),
("el maady", 10),
("helwan", 29),
("shobra", 16),
("city stars", 25),
("abdo basha", 9 ),
("el maady", 19),
("helwan", 3 ),
("shobra", 13),
("city stars", 14),
("abdo basha", 24),
("el maady", 9 ),
("helwan", 1 ),
("shobra", 18),
("city stars", 11),
("abdo basha", 13),
("el maady", 21),
("helwan", 28),
("shobra", 9 ),
("city stars", 27),
("abdo basha", 12),
("el maady", 20),
("helwan", 9 ),
("shobra", 30),
("city stars", 6 ),
("abdo basha", 17),
("el maady", 22),
("helwan", 2 ),
("shobra", 26),
("city stars", 1 ),
("abdo basha", 16),
("el maady", 25),
("helwan", 10),
("shobra", 24),
("city stars", 5 ),
("abdo basha", 14),
("el maady", 29),
("helwan", 18),
("shobra", 7 ),
("city stars", 23),
("abdo basha", 4 ),
("el maady", 15),
("helwan", 4),
("shobra", 20),
("city stars", 12),
("abdo basha", 28),
("el maady", 12),
("helwan", 26),
("shobra", 3 ),
("city stars", 21),
("abdo basha", 6 ),
("el maady", 14),
("helwan", 19),
("shobra", 10),
("city stars", 2 ),
("abdo basha", 27),
("el maady", 16),
("helwan", 8 ),
("shobra", 25),
("city stars", 18),
("abdo basha", 5 ),
("el maady", 1),
("helwan", 22),
("shobra", 11),
("city stars", 13),
("abdo basha", 25),
("el maady", 7 ),
("helwan", 21),
("shobra", 1 ),
("city stars", 16),
("abdo basha", 29),
("el maady", 4 ),
("helwan", 13),
("shobra", 27),
("city stars", 9 ),
("abdo basha", 18),
("el maady", 30),
("helwan", 23),
("shobra", 12);